<?xml version="1.0" encoding="UTF-8"?>
<module rename-to='graphdemo1_basic_usage'>
  <!-- Inherit the core Web Toolkit stuff.                        -->
  <inherits name='com.google.gwt.user.User'/>

  <!-- Inherit the default GWT style sheet.  You can change       -->
  <!-- the theme of your GWT application by uncommenting          -->
  <!-- any one of the following lines.                            -->
  <inherits name='com.google.gwt.user.theme.standard.Standard'/>
  <!-- <inherits name='com.google.gwt.user.theme.chrome.Chrome'/> -->
  <!-- <inherits name='com.google.gwt.user.theme.dark.Dark'/>     -->

  <!-- Other module inherits                                      -->
  <inherits name='com.google.gwt.visualization.Visualization'/>
  <inherits name='com.chap.links.Graph'/>
  
  <!-- External stylesheets                                       -->
  <!-- Include at least one stylesheet, else the stylesheets in   -->
  <!-- external modules like gwt-links-graph.jar are not loaded...(bug?) -->
  <stylesheet src=""></stylesheet>

  <!-- Specify the app entry point class.                         -->
  <entry-point class='com.chap.links.client.GraphDemo1_basic_usage'/>

  <!-- Specify the paths for translatable code                    -->
  <source path='client'/>
  <source path='shared'/>

</module>
